"STATION","DATE","LATITUDE","LONGITUDE","ELEVATION","NAME","TEMP","TEMP_ATTRIBUTES","DEWP","DEWP_ATTRIBUTES","SLP","SLP_ATTRIBUTES","STP","STP_ATTRIBUTES","VISIB","VISIB_ATTRIBUTES","WDSP","WDSP_ATTRIBUTES","MXSPD","GUST","MAX","MAX_ATTRIBUTES","MIN","MIN_ATTRIBUTES","PRCP","PRCP_ATTRIBUTES","SNDP","FRSHTT"
"98132099999","2001-01-01","20.8","121.85","124.0","ITBAYAT, RP","  69.3"," 5","  54.4"," 5","1015.7"," 5","999.9"," 0","  8.0"," 5","  8.5"," 5"," 11.7","999.9","  70.7","*","  68.0","*"," 0.00","I","999.9","000000"
"98132099999","2001-01-02","20.8","121.85","124.0","ITBAYAT, RP","  70.8"," 6","  60.2"," 6","1017.4"," 6","999.9"," 0"," 12.2"," 6","  5.5"," 6","  7.8","999.9","  74.5","*","  68.7","*","99.99"," ","999.9","010000"
"98132099999","2001-01-03","20.8","121.85","124.0","ITBAYAT, RP","  72.5"," 4","9999.9"," 0","1017.5"," 4","999.9"," 0"," 13.2"," 4","  4.4"," 4","  5.8","999.9","  75.9","*","  70.5","*"," 0.00","I","999.9","000000"
"98132099999","2001-01-04","20.8","121.85","124.0","ITBAYAT, RP","  73.3"," 7","  62.8"," 7","1017.2"," 6","999.9"," 0"," 12.4"," 7","  5.8"," 7","  7.8","999.9","  76.1","*","  71.6","*"," 0.00","I","999.9","000000"
"98132099999","2001-01-05","20.8","121.85","124.0","ITBAYAT, RP","  75.1"," 5","  67.0"," 5","1018.1"," 5","999.9"," 0"," 12.4"," 4","  7.0"," 5","  9.7","999.9","  77.5","*","  72.3","*"," 0.00","I","999.9","000000"
"98132099999","2001-01-09","20.8","121.85","124.0","ITBAYAT, RP","  74.0"," 8","  70.7"," 8","1013.6"," 8","999.9"," 0","  7.2"," 8","  8.7"," 8","  9.7","999.9","  74.5","*","  72.9","*"," 0.24","G","999.9","010000"
"98132099999","2001-01-10","20.8","121.85","124.0","ITBAYAT, RP","  72.6"," 8","  68.3"," 8","1014.2"," 8","999.9"," 0","  7.4"," 8","  7.0"," 8","  9.7","999.9","  73.4","*","  71.6","*"," 0.02","G","999.9","000000"
"98132099999","2001-01-11","20.8","121.85","124.0","ITBAYAT, RP","  74.3"," 7","  69.3"," 7","1014.5"," 7","999.9"," 0"," 10.9"," 7","  7.5"," 7","  9.7","999.9","  77.0","*","  72.1","*"," 0.02","G","999.9","000000"
"98132099999","2001-01-12","20.8","121.85","124.0","ITBAYAT, RP","  72.4"," 7","  69.6"," 7","1014.9"," 7","999.9"," 0"," 11.4"," 7","  8.3"," 7"," 11.7","999.9","  73.4","*","  71.6","*"," 0.00","G","999.9","000000"
"98132099999","2001-01-13","20.8","121.85","124.0","ITBAYAT, RP","  72.6"," 8","  65.0"," 8","1016.4"," 8","999.9"," 0"," 12.0"," 8"," 10.2"," 8"," 13.6","999.9","  77.4","*","  69.4","*"," 0.12","G","999.9","000000"
"98132099999","2001-01-14","20.8","121.85","124.0","ITBAYAT, RP","  67.9"," 7","  58.3"," 7","1021.2"," 7","999.9"," 0","  9.1"," 7"," 10.5"," 7"," 13.6","999.9","  68.7","*","  66.2","*"," 0.00","G","999.9","000000"
"98132099999","2001-01-15","20.8","121.85","124.0","ITBAYAT, RP","  67.5"," 7","  58.6"," 7","1022.4"," 7","999.9"," 0","  9.3"," 7","  9.2"," 7","  9.7","999.9","  75.0","*","  63.7","*"," 0.08","G","999.9","000000"
"98132099999","2001-01-16","20.8","121.85","124.0","ITBAYAT, RP","  65.0"," 7","  59.0"," 7","1024.9"," 7","999.9"," 0","  8.2"," 7"," 10.0"," 7"," 11.7","999.9","  66.4","*","  64.0","*"," 0.47","G","999.9","010000"
"98132099999","2001-01-17","20.8","121.85","124.0","ITBAYAT, RP","  72.1"," 7","  57.3"," 7","1023.5"," 7","999.9"," 0"," 12.3"," 7"," 10.8"," 7"," 13.6","999.9","  82.0","*","  52.2"," "," 0.12","G","999.9","000000"
"98132099999","2001-01-18","20.8","121.85","124.0","ITBAYAT, RP","  70.8"," 8","  63.5"," 8","1021.1"," 8","999.9"," 0"," 12.0"," 8","  9.5"," 8","  9.7","999.9","  72.9","*","  68.9","*"," 0.00","G","999.9","000000"
"98132099999","2001-01-19","20.8","121.85","124.0","ITBAYAT, RP","  73.2"," 6","  63.9"," 5","1020.3"," 5","999.9"," 0"," 12.2"," 6"," 10.0"," 6"," 11.7","999.9","  74.8","*","  72.0","*"," 0.00","I","999.9","000000"
"98132099999","2001-01-20","20.8","121.85","124.0","ITBAYAT, RP","  72.3"," 8","  67.1"," 8","1018.2"," 8","999.9"," 0"," 12.4"," 8","  6.3"," 8","  7.8","999.9","  75.4","*","  69.8","*"," 0.00","I","999.9","000000"
"98132099999","2001-01-21","20.8","121.85","124.0","ITBAYAT, RP","  72.9"," 7","  66.4"," 7","1016.9"," 7","999.9"," 0","  9.8"," 7","  9.7"," 7"," 11.7","999.9","  74.8","*","  72.1","*"," 0.00","I","999.9","000000"
"98132099999","2001-01-22","20.8","121.85","124.0","ITBAYAT, RP","  74.5"," 7","  70.9"," 7","1014.9"," 7","999.9"," 0"," 11.2"," 7","  8.6"," 7"," 11.7","999.9","  76.1","*","  72.9","*"," 0.00","I","999.9","000000"
"98132099999","2001-01-23","20.8","121.85","124.0","ITBAYAT, RP","  76.2"," 8","  72.1"," 8","1016.8"," 7","999.9"," 0"," 12.4"," 8","  6.8"," 8","  9.7","999.9","  83.5","*","  73.4","*"," 0.00","I","999.9","000000"
"98132099999","2001-01-24","20.8","121.85","124.0","ITBAYAT, RP","  74.9"," 8","  69.7"," 8","1015.3"," 8","999.9"," 0"," 12.4"," 8","  8.3"," 8"," 11.7","999.9","  77.7","*","  73.4","*"," 0.00","I","999.9","000000"
"98132099999","2001-01-25","20.8","121.85","124.0","ITBAYAT, RP","  79.0"," 7","  70.5"," 7","1011.6"," 7","999.9"," 0"," 13.8"," 7","  6.1"," 7"," 13.6","999.9","  83.5","*","  75.9","*"," 0.00","I","999.9","000000"
"98132099999","2001-01-26","20.8","121.85","124.0","ITBAYAT, RP","  76.2"," 7","  73.4"," 7","1013.4"," 7","999.9"," 0","  9.6"," 7","  6.4"," 7"," 11.7","999.9","  79.5","*","  73.4","*"," 0.02","A","999.9","000000"
"98132099999","2001-01-27","20.8","121.85","124.0","ITBAYAT, RP","  67.9"," 4","  64.4"," 4","1018.5"," 4","999.9"," 0","  7.0"," 4"," 12.1"," 4"," 13.6","999.9","  69.3","*","  66.7","*"," 0.08","G","999.9","010000"
"98132099999","2001-01-28","20.8","121.85","124.0","ITBAYAT, RP","  70.2"," 7","  65.1"," 7","1016.8"," 7","999.9"," 0","  9.1"," 7","  8.9"," 7"," 11.7","999.9","  72.5","*","  66.2","*"," 0.08","G","999.9","010000"
"98132099999","2001-01-29","20.8","121.85","124.0","ITBAYAT, RP","  67.7"," 7","  62.6"," 6","1019.3"," 7","999.9"," 0","  6.4"," 7"," 11.7"," 7"," 13.6","999.9","  69.4","*","  65.8","*"," 0.12","G","999.9","010000"
"98132099999","2001-01-30","20.8","121.85","124.0","ITBAYAT, RP","  71.8"," 7","  66.3"," 7","1016.6"," 7","999.9"," 0"," 11.2"," 7","  7.2"," 7","  9.7","999.9","  73.8","*","  70.2","*"," 0.04","G","999.9","000000"
"98132099999","2001-01-31","20.8","121.85","124.0","ITBAYAT, RP","  72.0"," 8","  69.0"," 8","1012.6"," 8","999.9"," 0","  9.3"," 8","  8.0"," 8","  9.7","999.9","  74.8","*","  69.3","*"," 0.00","G","999.9","010000"
"98132099999","2001-02-01","20.8","121.85","124.0","ITBAYAT, RP","  69.8"," 7","  64.9"," 7","1013.4"," 7","999.9"," 0","  8.6"," 7"," 10.5"," 7"," 11.7","999.9","  72.3","*","  68.0","*"," 0.31","G","999.9","010000"
"98132099999","2001-02-02","20.8","121.85","124.0","ITBAYAT, RP","  72.0"," 8","  62.4"," 8","1015.1"," 7","999.9"," 0"," 11.1"," 8","  7.0"," 8","  9.7","999.9","  81.1","*","  69.4","*"," 0.16","G","999.9","000000"
"98132099999","2001-02-03","20.8","121.85","124.0","ITBAYAT, RP","  74.2"," 6","  68.7"," 6","1014.0"," 6","999.9"," 0"," 11.4"," 6","  8.7"," 6","  9.7","999.9","  76.3","*","  72.3","*"," 0.00","G","999.9","000000"
"98132099999","2001-02-04","20.8","121.85","124.0","ITBAYAT, RP","  76.2"," 5","  68.7"," 5","1014.8"," 5","999.9"," 0"," 11.4"," 5","  8.2"," 5","  9.7","999.9","  78.8","*","  73.8","*"," 0.00","I","999.9","000000"
"98132099999","2001-02-05","20.8","121.85","124.0","ITBAYAT, RP","  74.1"," 7","  67.4"," 7","1015.6"," 7","999.9"," 0"," 11.2"," 7","  8.4"," 6","  9.7","999.9","  75.7","*","  72.1","*"," 0.00","I","999.9","000000"
"98132099999","2001-02-06","20.8","121.85","124.0","ITBAYAT, RP","  74.3"," 8","  69.8"," 8","1014.2"," 8","999.9"," 0"," 11.0"," 8","  9.2"," 8"," 11.7","999.9","  76.3","*","  73.4","*"," 0.03","A","999.9","000000"
"98132099999","2001-02-07","20.8","121.85","124.0","ITBAYAT, RP","  75.9"," 7","  72.0"," 6","1014.9"," 7","999.9"," 0"," 11.1"," 7","  7.8"," 7","  9.7","999.9","  79.2","*","  73.6","*"," 0.00","I","999.9","000000"
"98132099999","2001-02-08","20.8","121.85","124.0","ITBAYAT, RP","  68.1"," 8","  64.5"," 8","1018.5"," 8","999.9"," 0","  8.1"," 8"," 11.4"," 8"," 11.7","999.9","  68.7","*","  67.6","*"," 0.04","G","999.9","010000"
"98132099999","2001-02-09","20.8","121.85","124.0","ITBAYAT, RP","  70.4"," 4","  65.1"," 4","9999.9"," 0","999.9"," 0","  7.1"," 4"," 10.2"," 4"," 13.6","999.9","  71.2","*","  69.1","*"," 0.16","G","999.9","010000"
"98132099999","2001-02-10","20.8","121.85","124.0","ITBAYAT, RP","  72.3"," 8","  69.8"," 8","1015.3"," 7","999.9"," 0","  7.9"," 8","  8.5"," 8"," 11.7","999.9","  77.0","*","  69.4","*"," 0.16","G","999.9","010000"
"98132099999","2001-02-11","20.8","121.85","124.0","ITBAYAT, RP","  73.4"," 7","  71.1"," 7","1016.7"," 7","999.9"," 0","  8.4"," 7","  9.2"," 7"," 13.6","999.9","  74.1","*","  70.9","*"," 1.34","G","999.9","010000"
"98132099999","2001-02-12","20.8","121.85","124.0","ITBAYAT, RP","  76.3"," 6","  72.8"," 6","1015.5"," 6","999.9"," 0"," 10.6"," 6","  6.8"," 6","  9.7","999.9","  78.4","*","  74.1","*"," 0.08","G","999.9","000000"
"98132099999","2001-02-13","20.8","121.85","124.0","ITBAYAT, RP","  71.6"," 6","  66.0"," 6","1016.6"," 6","999.9"," 0"," 11.2"," 6"," 10.0"," 6"," 11.7","999.9","  73.9","*","  69.8","*"," 0.00","G","999.9","000000"
"98132099999","2001-02-14","20.8","121.85","124.0","ITBAYAT, RP","  68.8"," 9","  58.5"," 9","1020.6"," 9","999.9"," 0","  9.1"," 9"," 12.5"," 9"," 13.6","999.9","  86.7","*","  64.8","*"," 0.03","A","999.9","000000"
"98132099999","2001-02-15","20.8","121.85","124.0","ITBAYAT, RP","  68.4"," 7","  54.8"," 7","1022.5"," 5","999.9"," 0"," 11.7"," 7"," 11.4"," 7"," 13.6","999.9","  69.4","*","  66.6","*"," 0.00","I","999.9","000000"
"98132099999","2001-02-16","20.8","121.85","124.0","ITBAYAT, RP","  68.5"," 8","  59.1"," 7","1020.2"," 8","999.9"," 0"," 11.0"," 8"," 13.6"," 8"," 17.5","999.9","  69.4","*","  68.0","*"," 0.02","A","999.9","000000"
"98132099999","2001-02-17","20.8","121.85","124.0","ITBAYAT, RP","  70.1"," 7","  59.2"," 7","1020.5"," 6","999.9"," 0"," 10.9"," 7"," 12.8"," 7"," 15.5","999.9","  78.1"," ","  69.3","*"," 0.00","I","999.9","000000"
"98132099999","2001-02-18","20.8","121.85","124.0","ITBAYAT, RP","  71.9"," 7","  63.4"," 7","1017.1"," 7","999.9"," 0"," 11.2"," 7","  9.4"," 6","  9.7","999.9","  73.0","*","  70.3","*"," 0.00","I","999.9","000000"
"98132099999","2001-02-19","20.8","121.85","124.0","ITBAYAT, RP","  72.3"," 6","  66.0"," 6","1016.8"," 6","999.9"," 0"," 11.2"," 6"," 12.3"," 6"," 13.6","999.9","  74.8","*","  69.8","*"," 0.00","I","999.9","000000"
"98132099999","2001-02-20","20.8","121.85","124.0","ITBAYAT, RP","  73.9"," 8","  67.5"," 8","1015.7"," 7","999.9"," 0"," 11.2"," 8"," 10.9"," 8"," 11.7","999.9","  76.3","*","  72.9","*"," 0.03","G","999.9","000000"
"98132099999","2001-02-21","20.8","121.85","124.0","ITBAYAT, RP","  73.1"," 8","  70.8"," 8","1013.6"," 8","999.9"," 0","  5.6"," 8"," 10.4"," 8"," 11.7","999.9","  77.4","*","  71.6","*"," 0.00","G","999.9","010000"
"98132099999","2001-02-22","20.8","121.85","124.0","ITBAYAT, RP","  73.4"," 8","  72.6"," 8","1011.9"," 8","999.9"," 0","  6.4"," 8","  7.0"," 8","  9.7","999.9","  74.5","*","  71.2","*"," 1.06","G","999.9","010000"
"98132099999","2001-02-23","20.8","121.85","124.0","ITBAYAT, RP","  74.9"," 7","  73.4"," 6","1010.9"," 6","999.9"," 0","  5.9"," 7","  4.7"," 7","  9.7","999.9","  77.4","*","  72.1","*"," 0.59","G","999.9","110000"
"98132099999","2001-02-24","20.8","121.85","124.0","ITBAYAT, RP","  73.3"," 7","  68.7"," 7","1014.2"," 7","999.9"," 0","  8.3"," 7","  8.3"," 7"," 13.6","999.9","  76.6","*","  68.4","*"," 2.09","G","999.9","010000"
"98132099999","2001-02-25","20.8","121.85","124.0","ITBAYAT, RP","  67.2"," 8","  63.5"," 6","1019.3"," 7","999.9"," 0","  6.5"," 8"," 12.1"," 8"," 15.5","999.9","  68.5","*","  66.2","*"," 0.03","G","999.9","010000"
"98132099999","2001-02-26","20.8","121.85","124.0","ITBAYAT, RP","  71.4"," 7","  67.4"," 7","1019.3"," 7","999.9"," 0","  7.6"," 7"," 11.7"," 7"," 13.6","999.9","  73.4","*","  68.7","*"," 0.16","G","999.9","010000"
"98132099999","2001-02-27","20.8","121.85","124.0","ITBAYAT, RP","  75.2"," 7","  72.2"," 7","1018.4"," 7","999.9"," 0"," 10.1"," 7"," 10.0"," 7"," 11.7","999.9","  77.0","*","  74.5","*"," 0.12","G","999.9","000000"
"98132099999","2001-02-28","20.8","121.85","124.0","ITBAYAT, RP","  77.0"," 5","  74.8"," 5","1016.2"," 5","999.9"," 0","  8.8"," 5","  7.0"," 5","  9.7","999.9","  79.0","*","  74.8","*"," 0.16","G","999.9","010000"
"98132099999","2001-03-01","20.8","121.85","124.0","ITBAYAT, RP","  72.1"," 7","  67.2"," 7","1019.2"," 7","999.9"," 0"," 11.0"," 7"," 10.3"," 7"," 13.6","999.9","  75.7","*","  69.1","*"," 0.04","G","999.9","000000"
"98132099999","2001-03-02","20.8","121.85","124.0","ITBAYAT, RP","  71.0"," 7","  61.4"," 7","1020.7"," 7","999.9"," 0"," 11.2"," 7"," 10.3"," 7"," 13.6","999.9","  72.0","*","  68.2","*"," 0.00","G","999.9","000000"
"98132099999","2001-03-03","20.8","121.85","124.0","ITBAYAT, RP","  74.4"," 6","  66.7"," 6","1017.6"," 6","999.9"," 0","  9.9"," 6","  6.2"," 6","  9.7","999.9","  79.7","*","  67.5","*"," 0.00","I","999.9","100000"
"98132099999","2001-03-04","20.8","121.85","124.0","ITBAYAT, RP","  70.5"," 8","  61.7"," 8","1020.1"," 8","999.9"," 0","  7.9"," 8"," 12.1"," 8"," 13.6","999.9","  74.1","*","  68.4","*"," 0.00","I","999.9","000000"
"98132099999","2001-03-05","20.8","121.85","124.0","ITBAYAT, RP","  71.3"," 7","  62.2"," 7","1019.1"," 7","999.9"," 0"," 10.1"," 7","  9.4"," 7"," 15.5","999.9","  72.3","*","  68.2","*"," 0.04","G","999.9","000000"
"98132099999","2001-03-06","20.8","121.85","124.0","ITBAYAT, RP","  75.6"," 7","  68.4"," 7","1017.4"," 7","999.9"," 0"," 11.7"," 7","  8.9"," 7"," 11.7","999.9","  77.4","*","  73.8","*"," 0.00","G","999.9","000000"
"98132099999","2001-03-07","20.8","121.85","124.0","ITBAYAT, RP","  75.2"," 8","  71.7"," 8","1016.6"," 7","999.9"," 0","  9.3"," 8"," 10.0"," 8"," 13.6","999.9","  80.1","*","  71.8","*"," 0.00","I","999.9","000000"
"98132099999","2001-03-08","20.8","121.85","124.0","ITBAYAT, RP","  70.7"," 8","  63.0"," 8","1021.4"," 7","999.9"," 0","  9.8"," 8"," 11.2"," 8"," 13.6","999.9","  84.7","*","  66.4","*"," 0.03","G","999.9","000000"
"98132099999","2001-03-09","20.8","121.85","124.0","ITBAYAT, RP","  68.1"," 6","  58.2"," 6","1022.0"," 6","999.9"," 0"," 11.4"," 6"," 11.3"," 6"," 13.6","999.9","  68.7","*","  66.6","*"," 0.02","G","999.9","000000"
"98132099999","2001-03-10","20.8","121.85","124.0","ITBAYAT, RP","  72.1"," 6","  62.4"," 6","1020.3"," 6","999.9"," 0"," 11.4"," 6","  9.7"," 6"," 11.7","999.9","  73.8","*","  69.1","*"," 0.00","G","999.9","010000"
"98132099999","2001-03-11","20.8","121.85","124.0","ITBAYAT, RP","  72.0"," 6","  65.1"," 6","1018.0"," 6","999.9"," 0"," 12.4"," 6","  3.2"," 6","  7.8","999.9","  76.5","*","  67.3","*"," 0.00","I","999.9","100000"
"98132099999","2001-03-12","20.8","121.85","124.0","ITBAYAT, RP","  70.8"," 5","  62.0"," 5","1019.7"," 5","999.9"," 0","  8.5"," 5"," 12.4"," 5"," 17.5","999.9","  80.6","*","  65.8","*"," 0.03","A","999.9","000000"
"98132099999","2001-03-13","20.8","121.85","124.0","ITBAYAT, RP","  69.8"," 8","  57.2"," 7","1020.3"," 7","999.9"," 0"," 11.2"," 8","  9.0"," 8"," 13.6","999.9","  71.2","*","  66.7","*"," 0.00","I","999.9","000000"
"98132099999","2001-03-14","20.8","121.85","124.0","ITBAYAT, RP","  74.6"," 8","  65.3"," 8","1018.4"," 8","999.9"," 0"," 11.2"," 8","  7.5"," 8","  9.7","999.9","  76.6","*","  72.7","*"," 0.00","I","999.9","000000"
"98132099999","2001-03-15","20.8","121.85","124.0","ITBAYAT, RP","  76.3"," 6","  69.8"," 6","1017.0"," 6","999.9"," 0"," 12.2"," 6","  6.8"," 6","  9.7","999.9","  78.8","*","  74.5","*"," 0.00","I","999.9","000000"
"98132099999","2001-03-24","20.8","121.85","124.0","ITBAYAT, RP","  77.6"," 6","  73.8"," 6","1010.3"," 6","999.9"," 0"," 10.8"," 6","  1.6"," 6","  5.8","999.9","  83.5","*","  73.4","*"," 0.00","I","999.9","000000"
"98132099999","2001-03-25","20.8","121.85","124.0","ITBAYAT, RP","  80.2"," 8","  74.3"," 8","1009.4"," 8","999.9"," 0"," 10.9"," 8","  5.3"," 8","  7.8","999.9","  87.1","*","  75.6"," "," 0.00","I","999.9","000000"
"98132099999","2001-03-26","20.8","121.85","124.0","ITBAYAT, RP","  78.4"," 7","  72.6"," 7","1010.2"," 7","999.9"," 0"," 12.0"," 7","  5.5"," 7","  7.8","999.9","  83.5","*","  75.2","*"," 0.00","I","999.9","000000"
"98132099999","2001-03-27","20.8","121.85","124.0","ITBAYAT, RP","  79.8"," 6","  74.0"," 6","1007.5"," 6","999.9"," 0"," 10.9"," 6","  5.8"," 6","  9.7","999.9","  84.6","*","  73.4","*"," 1.61","G","999.9","000000"
"98132099999","2001-03-28","20.8","121.85","124.0","ITBAYAT, RP","  72.3"," 7","  68.0"," 7","1011.2"," 7","999.9"," 0","  8.1"," 7","  7.2"," 7"," 13.6","999.9","  73.8","*","  70.7","*"," 0.24","G","999.9","010000"
"98132099999","2001-03-29","20.8","121.85","124.0","ITBAYAT, RP","  72.1"," 7","  65.3"," 7","1014.1"," 7","999.9"," 0"," 10.7"," 7"," 10.8"," 7"," 15.5","999.9","  74.7","*","  69.8","*"," 0.98","G","999.9","000000"
"98132099999","2001-03-30","20.8","121.85","124.0","ITBAYAT, RP","  72.4"," 7","  63.3"," 7","1016.5"," 7","999.9"," 0"," 11.4"," 7"," 10.5"," 7"," 13.6","999.9","  74.1","*","  71.1","*"," 0.00","G","999.9","000000"
"98132099999","2001-03-31","20.8","121.85","124.0","ITBAYAT, RP","  73.4"," 5","  63.0"," 5","1018.9"," 5","999.9"," 0"," 11.4"," 5"," 10.1"," 5"," 11.7","999.9","  77.4","*","  71.1","*"," 0.00","G","999.9","000000"
"98132099999","2001-04-01","20.8","121.85","124.0","ITBAYAT, RP","  73.8"," 8","  63.3"," 8","1017.8"," 8","999.9"," 0"," 11.2"," 8"," 11.7"," 8"," 13.6","999.9","  75.6","*","  72.7","*"," 0.00","I","999.9","000000"
"98132099999","2001-04-02","20.8","121.85","124.0","ITBAYAT, RP","  76.9"," 6","  72.2"," 6","1014.0"," 6","999.9"," 0"," 11.2"," 6","  9.4"," 6"," 11.7","999.9","  78.4","*","  75.2","*"," 0.00","I","999.9","000000"
"98132099999","2001-04-03","20.8","121.85","124.0","ITBAYAT, RP","  78.9"," 6","  74.8"," 6","1013.4"," 6","999.9"," 0"," 10.8"," 6","  5.5"," 6","  9.7","999.9","  85.6","*","  76.3","*"," 0.00","I","999.9","000000"
"98132099999","2001-04-04","20.8","121.85","124.0","ITBAYAT, RP","  76.4"," 8","  71.7"," 8","1014.5"," 8","999.9"," 0"," 11.5"," 8","  6.3"," 8","  7.8","999.9","  78.8","*","  74.5","*"," 0.00","I","999.9","000000"
"98132099999","2001-04-05","20.8","121.85","124.0","ITBAYAT, RP","  82.5"," 4","  73.2"," 4","1014.3"," 4","999.9"," 0"," 10.6"," 4","  5.8"," 4","  7.8","999.9","  96.8","*","  75.6","*"," 0.00","I","999.9","000000"
"98132099999","2001-04-06","20.8","121.85","124.0","ITBAYAT, RP","  77.0"," 5","  72.9"," 5","1014.8"," 4","999.9"," 0"," 12.4"," 5","  4.7"," 5","  9.7","999.9","  81.3","*","  75.2","*"," 0.00","I","999.9","000000"
"98132099999","2001-04-09","20.8","121.85","124.0","ITBAYAT, RP","  78.8"," 6","  75.4"," 6","1012.8"," 6","999.9"," 0"," 10.5"," 6","  6.8"," 6","  9.7","999.9","  82.8","*","  75.6","*"," 0.01","B","999.9","000000"
"98132099999","2001-04-10","20.8","121.85","124.0","ITBAYAT, RP","  75.6"," 7","  69.3"," 7","1014.8"," 7","999.9"," 0"," 11.5"," 7","  6.9"," 7","  9.7","999.9","  78.1","*","  73.2","*"," 0.00","I","999.9","000000"
"98132099999","2001-04-11","20.8","121.85","124.0","ITBAYAT, RP","  75.1"," 8","  68.8"," 8","1013.9"," 8","999.9"," 0"," 11.2"," 8","  3.9"," 8","  7.8","999.9","  77.7","*","  72.0","*","99.99"," ","999.9","010000"
"98132099999","2001-04-12","20.8","121.85","124.0","ITBAYAT, RP","  70.3"," 8","  64.9"," 8","1016.2"," 8","999.9"," 0","  6.5"," 8"," 10.2"," 8"," 11.7","999.9","  72.1","*","  69.1","*"," 0.16","G","999.9","010000"
"98132099999","2001-04-13","20.8","121.85","124.0","ITBAYAT, RP","  74.5"," 7","  69.7"," 7","1016.9"," 7","999.9"," 0","  7.9"," 7","  9.4"," 7"," 11.7","999.9","  75.2","*","  72.7","*"," 0.12","G","999.9","000000"
"98132099999","2001-04-14","20.8","121.85","124.0","ITBAYAT, RP","  77.0"," 4","  72.3"," 4","1018.6"," 4","999.9"," 0","  8.9"," 4","  9.2"," 4"," 11.7","999.9","  78.1","*","  75.9","*"," 0.03","G","999.9","000000"
"98132099999","2001-04-18","20.8","121.85","124.0","ITBAYAT, RP","  77.6"," 8","  74.1"," 8","1011.8"," 8","999.9"," 0","  9.3"," 8","  6.3"," 8","  9.7","999.9","  81.3","*","  75.6","*"," 0.00","I","999.9","000000"
"98132099999","2001-04-19","20.8","121.85","124.0","ITBAYAT, RP","  77.9"," 8","  73.9"," 8","1011.7"," 8","999.9"," 0"," 11.0"," 8","  6.8"," 8","  7.8","999.9","  79.9","*","  76.6","*"," 0.00","I","999.9","000000"
"98132099999","2001-04-20","20.8","121.85","124.0","ITBAYAT, RP","  81.3"," 6","  78.2"," 6","1009.7"," 6","999.9"," 0"," 11.2"," 6","  3.9"," 6","  5.8","999.9","  85.3","*","  78.8","*"," 0.00","I","999.9","000000"
"98132099999","2001-04-21","20.8","121.85","124.0","ITBAYAT, RP","  81.4"," 7","  77.6"," 7","1010.4"," 7","999.9"," 0"," 11.2"," 7","  3.6"," 7","  5.8","999.9","  87.8","*","  77.9","*","99.99"," ","999.9","010000"
"98132099999","2001-04-22","20.8","121.85","124.0","ITBAYAT, RP","  76.3"," 7","  72.2"," 7","1014.4"," 7","999.9"," 0","  9.6"," 7","  9.4"," 7"," 11.7","999.9","  78.4","*","  75.2","*"," 0.03","A","999.9","000000"
"98132099999","2001-04-23","20.8","121.85","124.0","ITBAYAT, RP","  77.8"," 8","  73.7"," 8","1014.0"," 8","999.9"," 0"," 11.2"," 8","  7.5"," 8","  9.7","999.9","  83.8","*","  75.9","*"," 0.00","I","999.9","000000"
"98132099999","2001-04-24","20.8","121.85","124.0","ITBAYAT, RP","  78.7"," 7","  76.3"," 7","1013.4"," 7","999.9"," 0"," 10.9"," 7","  7.8"," 7","  9.7","999.9","  81.7","*","  76.5","*"," 0.03","A","999.9","000000"
"98132099999","2001-04-25","20.8","121.85","124.0","ITBAYAT, RP","  76.6"," 7","  75.4"," 7","1014.0"," 6","999.9"," 0","  6.2"," 7","  5.3"," 7","  7.8","999.9","  77.7","*","  75.0","*"," 0.63","C","999.9","010010"
"98132099999","2001-04-26","20.8","121.85","124.0","ITBAYAT, RP","  76.2"," 7","  74.1"," 7","1015.2"," 7","999.9"," 0","  9.6"," 7","  7.2"," 7","  9.7","999.9","  78.6","*","  75.2","*"," 0.28","A","999.9","010000"
"98132099999","2001-04-27","20.8","121.85","124.0","ITBAYAT, RP","  79.7"," 7","  77.1"," 7","1013.7"," 7","999.9"," 0"," 10.9"," 7","  6.7"," 7","  9.7","999.9","  82.0","*","  77.5","*","99.99"," ","999.9","010000"
"98132099999","2001-04-28","20.8","121.85","124.0","ITBAYAT, RP","  80.8"," 8","  77.0"," 8","1012.7"," 8","999.9"," 0"," 12.6"," 8","  7.8"," 8"," 11.7","999.9","  84.2","*","  74.7","*"," 0.00","I","999.9","000000"
"98132099999","2001-04-29","20.8","121.85","124.0","ITBAYAT, RP","  83.7"," 5","  79.6"," 5","1012.7"," 5","999.9"," 0"," 11.4"," 5","  7.8"," 5","  9.7","999.9","  85.1","*","  81.3","*"," 0.00","I","999.9","000000"
"98132099999","2001-04-30","20.8","121.85","124.0","ITBAYAT, RP","  80.1"," 6","  77.7"," 6","1013.5"," 6","999.9"," 0"," 14.5"," 6","  0.6"," 6","  3.9","999.9","  87.1","*","  77.7","*"," 0.00","I","999.9","100000"
"98132099999","2001-05-01","20.8","121.85","124.0","ITBAYAT, RP","  80.7"," 4","  78.0"," 4","1011.9"," 4","999.9"," 0"," 13.2"," 4","  4.9"," 4","  5.8","999.9","  84.0","*","  78.8","*"," 0.00","I","999.9","000000"
"98132099999","2001-05-02","20.8","121.85","124.0","ITBAYAT, RP","  79.4"," 7","  75.9"," 7","1011.7"," 7","999.9"," 0","  9.3"," 7","  5.8"," 7","  7.8","999.9","  83.3","*","  76.6","*"," 0.00","I","999.9","000000"
"98132099999","2001-05-03","20.8","121.85","124.0","ITBAYAT, RP","  78.4"," 7","  75.0"," 7","1013.7"," 7","999.9"," 0"," 11.2"," 7","  6.4"," 7","  9.7","999.9","  81.7","*","  76.8","*"," 0.02","G","999.9","000000"
"98132099999","2001-05-04","20.8","121.85","124.0","ITBAYAT, RP","  79.9"," 7","  74.7"," 7","1014.9"," 7","999.9"," 0"," 12.4"," 7","  7.5"," 7","  9.7","999.9","  81.5","*","  78.3","*"," 0.00","G","999.9","000000"
"98132099999","2001-05-05","20.8","121.85","124.0","ITBAYAT, RP","  82.1"," 4","  78.6"," 4","1012.9"," 4","999.9"," 0"," 11.5"," 4","  8.3"," 4","  9.7","999.9","  83.7","*","  81.0","*"," 0.00","I","999.9","000000"
"98132099999","2001-05-07","20.8","121.85","124.0","ITBAYAT, RP","  82.7"," 8","  79.5"," 8","1009.4"," 7","999.9"," 0"," 12.4"," 8","  5.1"," 8","  7.8","999.9","  85.8","*","  79.2","*"," 0.00","I","999.9","000000"
"98132099999","2001-05-08","20.8","121.85","124.0","ITBAYAT, RP","  80.6"," 5","  78.4"," 5","1009.1"," 5","999.9"," 0"," 11.2"," 5","  0.8"," 5","  1.9","999.9","  84.6","*","  77.0","*"," 0.00","I","999.9","000000"
"98132099999","2001-05-09","20.8","121.85","124.0","ITBAYAT, RP","  83.9"," 5","  78.3"," 5","1009.8"," 5","999.9"," 0"," 11.2"," 5","  1.9"," 5","  3.9","999.9","  86.9","*","  81.7","*"," 0.00","I","999.9","000000"
"98132099999","2001-05-12","20.8","121.85","124.0","ITBAYAT, RP","  78.0"," 4","  77.3"," 4","1002.9"," 4","999.9"," 0","  2.1"," 4"," 14.1"," 4"," 25.3","999.9","  80.6","*","  75.7","*"," 2.01","A","999.9","010000"
"98132099999","2001-05-15","20.8","121.85","124.0","ITBAYAT, RP","  81.6"," 7","  78.7"," 7","1013.1"," 7","999.9"," 0"," 12.4"," 7","  1.4"," 7","  3.9","999.9","  85.3","*","  75.2","*"," 0.00","I","999.9","000000"
"98132099999","2001-05-16","20.8","121.85","124.0","ITBAYAT, RP","  80.4"," 7","  76.9"," 7","1013.8"," 7","999.9"," 0"," 13.8"," 7","  1.4"," 7","  1.9","999.9","  84.9","*","  75.2","*"," 0.00","I","999.9","000000"
"98132099999","2001-05-17","20.8","121.85","124.0","ITBAYAT, RP","  80.9"," 7","  77.0"," 7","1012.8"," 7","999.9"," 0"," 14.2"," 7","  1.7"," 7","  3.9","999.9","  86.0","*","  74.5","*"," 0.00","I","999.9","000000"
"98132099999","2001-05-18","20.8","121.85","124.0","ITBAYAT, RP","  83.8"," 6","  78.6"," 6","1010.9"," 6","999.9"," 0"," 14.0"," 6","  2.6"," 6","  5.8","999.9","  87.1","*","  78.8","*"," 0.00","I","999.9","100000"
"98132099999","2001-05-22","20.8","121.85","124.0","ITBAYAT, RP","  82.5"," 4","  79.1"," 4","1007.2"," 4","999.9"," 0"," 11.8"," 4","  7.3"," 4","  9.7","999.9","  86.2","*","  79.0","*"," 1.81","G","999.9","010000"
"98132099999","2001-05-25","20.8","121.85","124.0","ITBAYAT, RP","  79.4"," 6","  76.6"," 6","1009.8"," 6","999.9"," 0"," 12.0"," 6","  2.6"," 6","  7.8","999.9","  82.9","*","  77.5","*"," 1.34","G","999.9","000000"
"98132099999","2001-05-26","20.8","121.85","124.0","ITBAYAT, RP","  80.3"," 5","  78.4"," 5","1010.8"," 5","999.9"," 0"," 12.2"," 5","  3.9"," 5","  5.8","999.9","  83.3","*","  77.0","*"," 0.00","G","999.9","010010"
"98132099999","2001-05-28","20.8","121.85","124.0","ITBAYAT, RP","  79.1"," 4","  77.3"," 4","1008.7"," 4","999.9"," 0","  8.5"," 4","  2.9"," 4","  3.9","999.9","  82.0","*","  77.4","*"," 0.31","G","999.9","010000"
"98132099999","2001-05-29","20.8","121.85","124.0","ITBAYAT, RP","  81.8"," 8","  77.4"," 8","1008.8"," 8","999.9"," 0","  7.3"," 8","  6.3"," 8"," 11.7","999.9","  83.1","*","  77.7","*"," 0.24","G","999.9","000000"
"98132099999","2001-05-30","20.8","121.85","124.0","ITBAYAT, RP","  82.6"," 8","  78.8"," 8","1010.5"," 8","999.9"," 0"," 11.1"," 8","  6.3"," 8","  9.7","999.9","  86.9","*","  79.9","*"," 1.02","G","999.9","000000"
"98132099999","2001-05-31","20.8","121.85","124.0","ITBAYAT, RP","  80.6"," 8","  77.3"," 8","1011.3"," 8","999.9"," 0","  9.8"," 8","  4.9"," 8","  7.8","999.9","  86.0","*","  76.3","*"," 0.12","G","999.9","000000"
"98132099999","2001-06-01","20.8","121.85","124.0","ITBAYAT, RP","  81.0"," 9","  76.7"," 9","1013.4"," 9","999.9"," 0"," 10.4"," 9","  5.8"," 9","  7.8","999.9","  82.9","*","  78.3","*"," 0.16","G","999.9","010000"
"98132099999","2001-06-02","20.8","121.85","124.0","ITBAYAT, RP","  82.2"," 5","  78.8"," 5","1014.8"," 5","999.9"," 0"," 11.4"," 5","  5.1"," 5","  7.8","999.9","  83.5","*","  80.6","*"," 0.39","G","999.9","010000"
"98132099999","2001-06-03","20.8","121.85","124.0","ITBAYAT, RP","  83.7"," 6","  78.8"," 6","1013.0"," 6","999.9"," 0"," 12.4"," 6","  5.2"," 6","  9.7","999.9","  86.4","*","  79.7","*"," 0.04","G","999.9","000000"
"98132099999","2001-06-04","20.8","121.85","124.0","ITBAYAT, RP","  83.4"," 6","  78.5"," 6","1010.7"," 6","999.9"," 0"," 12.9"," 6","  3.9"," 6","  7.8","999.9","  86.4","*","  79.2","*"," 0.00","G","999.9","100000"
"98132099999","2001-06-05","20.8","121.85","124.0","ITBAYAT, RP","  83.0"," 8","  79.1"," 8","1010.4"," 8","999.9"," 0"," 12.4"," 8","  4.1"," 8","  9.7","999.9","  87.8","*","  78.8","*"," 0.00","I","999.9","100000"
"98132099999","2001-06-06","20.8","121.85","124.0","ITBAYAT, RP","  83.3"," 7","  78.6"," 7","1011.3"," 7","999.9"," 0"," 12.4"," 7","  3.1"," 7","  7.8","999.9","  87.8","*","  77.7","*"," 0.00","I","999.9","100000"
"98132099999","2001-06-07","20.8","121.85","124.0","ITBAYAT, RP","  82.8"," 8","  78.6"," 8","1010.7"," 8","999.9"," 0"," 12.3"," 8","  2.4"," 8","  5.8","999.9","  88.0","*","  78.8","*"," 0.00","I","999.9","100000"
"98132099999","2001-06-08","20.8","121.85","124.0","ITBAYAT, RP","  82.9"," 6","  78.7"," 6","1010.5"," 6","999.9"," 0"," 12.4"," 6","  3.2"," 6","  5.8","999.9","  85.6","*","  79.2","*"," 0.00","I","999.9","100000"
"98132099999","2001-06-09","20.8","121.85","124.0","ITBAYAT, RP","  81.8"," 6","  78.8"," 6","1010.5"," 6","999.9"," 0"," 12.4"," 6","  3.6"," 6","  7.8","999.9","  87.8","*","  78.8","*"," 0.02","A","999.9","000000"
"98132099999","2001-06-10","20.8","121.85","124.0","ITBAYAT, RP","  81.4"," 6","  78.0"," 6","1009.8"," 6","999.9"," 0"," 12.4"," 6","  2.9"," 6","  9.7","999.9","  86.7","*","  78.1","*"," 0.00","I","999.9","000000"
"98132099999","2001-06-11","20.8","121.85","124.0","ITBAYAT, RP","  84.7"," 8","  79.0"," 8","1009.3"," 8","999.9"," 0"," 12.4"," 8","  5.3"," 8","  9.7","999.9","  90.9","*","  81.7","*"," 0.00","I","999.9","000000"
"98132099999","2001-06-12","20.8","121.85","124.0","ITBAYAT, RP","  84.3"," 8","  78.7"," 7","1009.2"," 7","999.9"," 0"," 12.0"," 8","  7.3"," 8","  9.7","999.9","  86.5","*","  82.4","*"," 0.00","I","999.9","000000"
"98132099999","2001-06-13","20.8","121.85","124.0","ITBAYAT, RP","  80.5"," 6","  77.6"," 6","1008.4"," 6","999.9"," 0","  8.7"," 6","  8.4"," 6"," 11.7","999.9","  86.4","*","  78.3","*"," 0.01","G","999.9","000000"
"98132099999","2001-06-14","20.8","121.85","124.0","ITBAYAT, RP","  82.2"," 6","  78.4"," 6","1009.5"," 6","999.9"," 0"," 10.1"," 6","  8.1"," 6","  9.7","999.9","  86.0","*","  77.4","*"," 0.03","G","999.9","000000"
"98132099999","2001-06-15","20.8","121.85","124.0","ITBAYAT, RP","  82.7"," 8","  77.8"," 8","1010.8"," 8","999.9"," 0"," 12.4"," 7","  2.9"," 8","  9.7","999.9","  88.2","*","  78.3","*"," 0.00","G","999.9","100000"
"98132099999","2001-06-16","20.8","121.85","124.0","ITBAYAT, RP","  84.6"," 8","  79.4"," 8","1010.0"," 8","999.9"," 0"," 11.7"," 8","  3.6"," 8","  7.8","999.9","  88.5","*","  81.3","*"," 0.00","I","999.9","000000"
"98132099999","2001-06-17","20.8","121.85","124.0","ITBAYAT, RP","  82.9"," 7","  77.7"," 7","1008.9"," 7","999.9"," 0"," 11.3"," 7","  8.3"," 7","  9.7","999.9","  86.4","*","  77.5","*"," 0.00","I","999.9","000000"
"98132099999","2001-06-18","20.8","121.85","124.0","ITBAYAT, RP","  79.9"," 8","  77.3"," 8","1005.6"," 8","999.9"," 0","  5.7"," 8"," 10.2"," 8"," 13.6","999.9","  85.3","*","  77.0","*"," 0.35","G","999.9","010010"
"98132099999","2001-06-19","20.8","121.85","124.0","ITBAYAT, RP","  81.0"," 8","  78.6"," 8","1004.8"," 8","999.9"," 0","  7.9"," 8","  7.3"," 8"," 11.7","999.9","  85.3","*","  77.0","*"," 3.23","G","999.9","010010"
"98132099999","2001-06-20","20.8","121.85","124.0","ITBAYAT, RP","  82.6"," 8","  79.2"," 7","1006.7"," 8","999.9"," 0"," 11.3"," 8","  2.7"," 8","  7.8","999.9","  89.6","*","  73.0","*"," 2.44","G","999.9","100000"
"98132099999","2001-06-21","20.8","121.85","124.0","ITBAYAT, RP","  83.8"," 8","  79.4"," 8","1006.2"," 8","999.9"," 0"," 11.7"," 8","  5.8"," 8","  9.7","999.9","  86.4","*","  80.1","*"," 0.00","G","999.9","010000"
"98132099999","2001-06-22","20.8","121.85","124.0","ITBAYAT, RP","  79.7","15","  77.7","15","1001.4","13","999.9"," 0","  5.7","15"," 17.0","15"," 29.1","999.9","  83.1","*","  77.0","*"," 0.47","G","999.9","010000"
"98132099999","2001-06-23","20.8","121.85","124.0","ITBAYAT, RP","  81.1"," 8","  77.5"," 8","1009.0"," 8","999.9"," 0","  9.3"," 8","  6.6"," 8"," 15.5","999.9","  83.8","*","  76.8","*"," 0.67","G","999.9","010000"
"98132099999","2001-06-24","20.8","121.85","124.0","ITBAYAT, RP","  81.4"," 7","  78.3"," 6","1012.1"," 7","999.9"," 0"," 10.8"," 7","  2.5"," 7","  5.8","999.9","  87.3","*","  77.4","*"," 0.24","G","999.9","000000"
"98132099999","2001-06-25","20.8","121.85","124.0","ITBAYAT, RP","  82.2"," 8","  78.9"," 8","1012.0"," 8","999.9"," 0"," 12.4"," 8","  5.3"," 8","  9.7","999.9","  84.7","*","  79.5","*"," 0.00","G","999.9","000000"
"98132099999","2001-06-26","20.8","121.85","124.0","ITBAYAT, RP","  82.8"," 7","  78.4"," 7","1010.6"," 7","999.9"," 0"," 12.4"," 7","  3.6"," 7","  7.8","999.9","  85.6","*","  79.5","*"," 0.00","I","999.9","100000"
"98132099999","2001-06-27","20.8","121.85","124.0","ITBAYAT, RP","  83.0"," 8","  79.2"," 8","1011.0"," 8","999.9"," 0"," 13.2"," 8","  5.6"," 8","  9.7","999.9","  85.6","*","  80.6","*"," 0.00","I","999.9","100000"
"98132099999","2001-06-28","20.8","121.85","124.0","ITBAYAT, RP","  82.6"," 7","  78.3"," 7","1011.5"," 7","999.9"," 0"," 12.0"," 7","  6.4"," 7","  9.7","999.9","  85.3","*","  80.2","*"," 0.02","G","999.9","000000"
"98132099999","2001-06-29","20.8","121.85","124.0","ITBAYAT, RP","  82.8"," 6","  78.3"," 6","1008.9"," 6","999.9"," 0"," 12.4"," 6","  9.4"," 6"," 11.7","999.9","  84.9","*","  79.5","*"," 0.00","G","999.9","000000"
"98132099999","2001-06-30","20.8","121.85","124.0","ITBAYAT, RP","  83.8"," 8","  78.8"," 8","1010.0"," 7","999.9"," 0"," 12.4"," 8"," 11.7"," 8"," 11.7","999.9","  85.3","*","  82.4","*"," 0.59","G","999.9","000000"
"98132099999","2001-07-01","20.8","121.85","124.0","ITBAYAT, RP","  82.8"," 8","  78.2"," 8","1011.6"," 8","999.9"," 0"," 12.4"," 8","  9.0"," 8"," 11.7","999.9","  86.5","*","  80.2","*"," 0.00","G","999.9","000000"
"98132099999","2001-07-02","20.8","121.85","124.0","ITBAYAT, RP","  83.5"," 8","  77.7"," 8","1010.3"," 8","999.9"," 0"," 11.2"," 8","  7.2"," 7","  9.7","999.9","  86.0","*","  81.3","*"," 0.00","I","999.9","000000"
"98132099999","2001-07-03","20.8","121.85","124.0","ITBAYAT, RP","  84.0"," 6","  79.0"," 6","1005.0"," 6","999.9"," 0","  8.1"," 6"," 12.0"," 6"," 13.6","999.9","  86.2","*","  82.8","*"," 0.03","G","999.9","000000"
"98132099999","2001-07-04","20.8","121.85","124.0","ITBAYAT, RP","  80.7","14","  78.3","14"," 987.6","14","999.9"," 0","  4.6","14"," 29.3","14"," 36.9","999.9","  85.5","*","  78.4","*"," 0.08","G","999.9","010000"
"98132099999","2001-07-05","20.8","121.85","124.0","ITBAYAT, RP","  83.1"," 7","  77.2"," 7","1000.8"," 7","999.9"," 0","  8.7"," 7"," 11.9"," 7"," 23.3","999.9","  84.9","*","  81.7","*"," 0.00","G","999.9","000000"
"98132099999","2001-07-06","20.8","121.85","124.0","ITBAYAT, RP","  83.4"," 8","  78.2"," 8","1008.6"," 8","999.9"," 0"," 10.4"," 8","  5.1"," 8","  9.7","999.9","  88.2","*","  79.7","*"," 0.00","I","999.9","000000"
"98132099999","2001-07-07","20.8","121.85","124.0","ITBAYAT, RP","  83.0"," 7","  79.5"," 7","1011.4"," 7","999.9"," 0","  9.9"," 7","  5.8"," 7","  7.8","999.9","  86.5","*","  80.1","*"," 0.00","G","999.9","000000"
"98132099999","2001-07-08","20.8","121.85","124.0","ITBAYAT, RP","  82.1"," 8","  78.5"," 8","1011.5"," 8","999.9"," 0"," 12.0"," 8","  1.7"," 8","  5.8","999.9","  85.6","*","  77.9","*"," 0.02","G","999.9","100000"
"98132099999","2001-07-09","20.8","121.85","124.0","ITBAYAT, RP","  82.8"," 7","  79.1"," 7","1009.9"," 7","999.9"," 0"," 10.8"," 7","  3.1"," 7","  5.8","999.9","  86.4","*","  79.7","*"," 0.00","G","999.9","100000"
"98132099999","2001-07-10","20.8","121.85","124.0","ITBAYAT, RP","  76.2"," 7","  75.9"," 7","1007.2"," 7","999.9"," 0","  3.0"," 7","  6.4"," 7"," 11.7","999.9","  79.5","*","  75.2","*"," 5.94","C","999.9","010000"
"98132099999","2001-07-11","20.8","121.85","124.0","ITBAYAT, RP","  79.3"," 9","  76.7"," 9","1006.6"," 9","999.9"," 0","  7.6"," 9","  8.8"," 9","  9.7","999.9","  80.8","*","  75.6","*"," 0.55","A","999.9","010000"
"98132099999","2001-07-12","20.8","121.85","124.0","ITBAYAT, RP","  81.6"," 7","  78.0"," 7","1007.8"," 7","999.9"," 0"," 10.4"," 7","  5.6"," 7","  9.7","999.9","  85.3","*","  78.3","*"," 0.55","A","999.9","100000"
"98132099999","2001-07-13","20.8","121.85","124.0","ITBAYAT, RP","  81.6"," 7","  77.8"," 7","1009.5"," 7","999.9"," 0"," 12.3"," 7","  2.8"," 7","  5.8","999.9","  85.3","*","  77.0","*"," 0.00","G","999.9","100010"
"98132099999","2001-07-14","20.8","121.85","124.0","ITBAYAT, RP","  82.0"," 7","  78.9"," 7","1011.1"," 7","999.9"," 0"," 11.9"," 7","  2.5"," 7","  5.8","999.9","  86.0","*","  78.1","*"," 0.00","G","999.9","100000"
"98132099999","2001-07-15","20.8","121.85","124.0","ITBAYAT, RP","  82.6"," 7","  77.2"," 7","1011.7"," 7","999.9"," 0"," 11.7"," 7","  5.3"," 7","  7.8","999.9","  85.6","*","  81.3","*"," 0.00","I","999.9","000000"
"98132099999","2001-07-16","20.8","121.85","124.0","ITBAYAT, RP","  82.9"," 5","  78.7"," 5","1010.3"," 5","999.9"," 0"," 11.2"," 5","  7.4"," 5","  7.8","999.9","  84.9","*","  81.3","*"," 0.00","I","999.9","000000"
"98132099999","2001-07-17","20.8","121.85","124.0","ITBAYAT, RP","  82.8"," 7","  79.0"," 7","1008.3"," 7","999.9"," 0","  9.9"," 7","  5.3"," 7","  9.7","999.9","  85.3","*","  79.5","*"," 0.00","I","999.9","000000"
"98132099999","2001-07-18","20.8","121.85","124.0","ITBAYAT, RP","  83.4"," 5","  79.4"," 5","1008.4"," 5","999.9"," 0"," 11.2"," 5","  5.4"," 5","  7.8","999.9","  86.0","*","  79.5","*"," 0.00","I","999.9","100000"
"98132099999","2001-07-19","20.8","121.85","124.0","ITBAYAT, RP","  82.3"," 7","  79.1"," 7","1008.6"," 7","999.9"," 0"," 12.3"," 7","  2.5"," 7","  5.8","999.9","  85.3","*","  79.5","*"," 0.03","A","999.9","010000"
"98132099999","2001-07-20","20.8","121.85","124.0","ITBAYAT, RP","  82.5"," 9","  78.2"," 9","1008.0"," 9","999.9"," 0"," 11.0"," 9","  6.5"," 9","  7.8","999.9","  85.1","*","  79.5","*"," 0.08","B","999.9","000000"
"98132099999","2001-07-21","20.8","121.85","124.0","ITBAYAT, RP","  82.4"," 6","  78.3"," 6","1010.2"," 6","999.9"," 0"," 11.2"," 6","  3.2"," 6","  7.8","999.9","  86.0","*","  77.7","*"," 0.00","I","999.9","000000"
"98132099999","2001-07-22","20.8","121.85","124.0","ITBAYAT, RP","  83.3"," 8","  78.3"," 8","1010.5"," 8","999.9"," 0"," 11.7"," 8","  4.1"," 8","  7.8","999.9","  86.5","*","  80.4","*"," 0.00","I","999.9","000000"
"98132099999","2001-07-23","20.8","121.85","124.0","ITBAYAT, RP","  80.0"," 8","  77.4"," 8","1005.5"," 8","999.9"," 0","  6.8"," 7"," 12.2"," 7"," 19.4","999.9","  81.0","*","  77.7","*"," 0.16","G","999.9","010000"
"98132099999","2001-07-24","20.8","121.85","124.0","ITBAYAT, RP","  81.1"," 8","  77.3"," 8","1008.3"," 8","999.9"," 0"," 11.3"," 8","  6.1"," 8","  9.7","999.9","  84.9","*","  77.7","*"," 2.36","G","999.9","000000"
"98132099999","2001-07-25","20.8","121.85","124.0","ITBAYAT, RP","  81.5"," 6","  78.1"," 6","1010.4"," 6","999.9"," 0"," 11.2"," 6","  6.5"," 6"," 19.4","999.9","  85.6","*","  78.4","*"," 0.08","G","999.9","000000"
"98132099999","2001-07-26","20.8","121.85","124.0","ITBAYAT, RP","  83.6"," 5","  78.5"," 5","1009.1"," 5","999.9"," 0"," 12.4"," 5","  2.7"," 5","  3.9","999.9","  86.0","*","  80.8","*"," 0.10","G","999.9","000000"
"98132099999","2001-07-27","20.8","121.85","124.0","ITBAYAT, RP","  83.7"," 6","  78.7"," 6","1007.9"," 6","999.9"," 0"," 12.4"," 6","  4.2"," 6","  5.8","999.9","  86.4","*","  80.6","*"," 0.00","G","999.9","000000"
"98132099999","2001-07-28","20.8","121.85","124.0","ITBAYAT, RP","  82.2","12","  79.1","12","1005.0","12","999.9"," 0","  8.3","12"," 13.4","12"," 23.3","999.9","  84.9","*","  76.6","*"," 0.28","C","999.9","010000"
"98132099999","2001-07-29","20.8","121.85","124.0","ITBAYAT, RP","  79.6"," 9","  77.8"," 9","1005.1"," 9","999.9"," 0","  4.9"," 9"," 14.2"," 9"," 23.3","999.9","  81.5","*","  77.0","*"," 3.15","G","999.9","010000"
"98132099999","2001-07-30","20.8","121.85","124.0","ITBAYAT, RP","  82.2"," 7","  78.1"," 7","1009.7"," 7","999.9"," 0"," 10.4"," 7","  7.8"," 7","  9.7","999.9","  84.2","*","  80.4","*"," 0.00","I","999.9","000000"
"98132099999","2001-07-31","20.8","121.85","124.0","ITBAYAT, RP","  82.8"," 7","  79.1"," 7","1009.7"," 7","999.9"," 0"," 11.2"," 7","  5.5"," 7","  7.8","999.9","  85.6","*","  79.7","*"," 0.00","I","999.9","000000"
"98132099999","2001-08-01","20.8","121.85","124.0","ITBAYAT, RP","  83.0"," 6","  78.3"," 6","1009.0"," 6","999.9"," 0"," 11.4"," 6","  3.9"," 6","  7.8","999.9","  85.3","*","  75.9","*"," 0.00","I","999.9","100000"
"98132099999","2001-08-02","20.8","121.85","124.0","ITBAYAT, RP","  82.3"," 8","  76.8"," 8","1009.3"," 8","999.9"," 0"," 12.8"," 8","  3.2"," 8","  5.8","999.9","  85.6","*","  79.5","*"," 0.00","A","999.9","000000"
"98132099999","2001-08-03","20.8","121.85","124.0","ITBAYAT, RP","  82.6"," 6","  78.8"," 6","1011.2"," 6","999.9"," 0"," 11.9"," 6","  5.5"," 6","  7.8","999.9","  85.3","*","  80.2","*"," 0.03","A","999.9","000000"
"98132099999","2001-08-04","20.8","121.85","124.0","ITBAYAT, RP","  83.1"," 8","  79.7"," 8","1012.7"," 8","999.9"," 0"," 11.6"," 8","  7.3"," 8","  9.7","999.9","  84.6","*","  81.7","*"," 0.00","I","999.9","000000"
"98132099999","2001-08-05","20.8","121.85","124.0","ITBAYAT, RP","  82.0"," 8","  78.7"," 7","1012.1"," 8","999.9"," 0"," 12.4"," 8","  2.2"," 8","  5.8","999.9","  86.5","*","  75.6","*"," 0.00","G","999.9","100000"
"98132099999","2001-08-06","20.8","121.85","124.0","ITBAYAT, RP","  82.2"," 7","  77.6"," 7","1010.0"," 7","999.9"," 0"," 12.4"," 7","  0.8"," 7","  3.9","999.9","  86.4","*","  77.0","*"," 0.00","G","999.9","100000"
"98132099999","2001-08-07","20.8","121.85","124.0","ITBAYAT, RP","  81.8"," 5","  78.5"," 5","1008.3"," 5","999.9"," 0"," 12.2"," 5","  0.8"," 5","  1.9","999.9","  85.5","*","  79.3","*"," 0.00","I","999.9","100000"
"98132099999","2001-08-10","20.8","121.85","124.0","ITBAYAT, RP","  83.7"," 4","  79.7"," 4","1012.4"," 4","999.9"," 0"," 14.8"," 4","  2.4"," 4","  5.8","999.9","  87.3","*","  79.9","*"," 0.00","I","999.9","100000"
"98132099999","2001-08-14","20.8","121.85","124.0","ITBAYAT, RP","  82.9"," 5","  78.5"," 5","1008.2"," 5","999.9"," 0","  9.3"," 5","  7.0"," 5","  7.8","999.9","  85.6","*","  81.7","*"," 0.02","G","999.9","000000"
"98132099999","2001-08-19","20.8","121.85","124.0","ITBAYAT, RP","  82.4"," 4","  78.4"," 4","1004.7"," 4","999.9"," 0"," 11.8"," 4","  3.4"," 4","  7.8","999.9","  86.2","*","  78.3","*"," 0.24","G","999.9","100000"
"98132099999","2001-08-21","20.8","121.85","124.0","ITBAYAT, RP","  82.7"," 4","  76.0"," 4","1007.1"," 4","999.9"," 0"," 12.4"," 4","  0.5"," 4","  1.9","999.9","  86.4","*","  78.4","*"," 0.00","I","999.9","100000"
"98132099999","2001-08-27","20.8","121.85","124.0","ITBAYAT, RP","  82.0"," 5","  78.7"," 5","1004.2"," 5","999.9"," 0"," 10.8"," 5","  2.7"," 5","  5.8","999.9","  85.8","*","  79.9","*"," 0.00","I","999.9","000000"
"98132099999","2001-08-28","20.8","121.85","124.0","ITBAYAT, RP","  80.2"," 4","  78.5"," 4","1006.4"," 4","999.9"," 0","  8.7"," 4","  1.0"," 4","  1.9","999.9","  81.7","*","  79.0","*"," 0.55","A","999.9","110000"
"98132099999","2001-08-29","20.8","121.85","124.0","ITBAYAT, RP","  79.7"," 4","  78.7"," 4","1007.6"," 4","999.9"," 0"," 11.8"," 4","  0.0"," 4","999.9","999.9","  81.7","*","  77.7","*"," 0.43","A","999.9","100000"
"98132099999","2001-08-30","20.8","121.85","124.0","ITBAYAT, RP","  81.6"," 4","  79.1"," 4","1007.7"," 4","999.9"," 0","  9.6"," 4","  1.5"," 4","  3.9","999.9","  86.4","*","  78.3","*"," 0.00","I","999.9","100000"
"98132099999","2001-08-31","20.8","121.85","124.0","ITBAYAT, RP","  80.0"," 4","  78.3"," 4","1009.0"," 4","999.9"," 0","  7.6"," 4","  3.4"," 4","  5.8","999.9","  80.6","*","  78.8","*"," 0.12","G","999.9","010010"
"98132099999","2001-09-03","20.8","121.85","124.0","ITBAYAT, RP","  79.5"," 5","  77.1"," 5","1009.5"," 5","999.9"," 0","  8.1"," 5","  3.1"," 5","  7.8","999.9","  84.6","*","  75.9","*"," 1.57","G","999.9","010000"
"98132099999","2001-09-06","20.8","121.85","124.0","ITBAYAT, RP","  78.7"," 4","  76.4"," 4","1010.0"," 4","999.9"," 0","  6.1"," 4","  9.2"," 4"," 11.7","999.9","  80.2","*","  76.6","*"," 2.64","B","999.9","010000"
"98132099999","2001-09-07","20.8","121.85","124.0","ITBAYAT, RP","  76.5"," 6","  75.7"," 6","1009.6"," 6","999.9"," 0","  5.1"," 6","  6.5"," 6","  9.7","999.9","  78.3","*","  72.9","*"," 2.36","B","999.9","010000"
"98132099999","2001-09-08","20.8","121.85","124.0","ITBAYAT, RP","  76.6"," 4","  75.4"," 4","1006.0"," 4","999.9"," 0","  6.8"," 4","  9.7"," 4"," 17.5","999.9","  78.3","*","  72.5","*"," 0.63","A","999.9","010000"
"98132099999","2001-09-14","20.8","121.85","124.0","ITBAYAT, RP","  79.5"," 5","  75.7"," 5","1009.4"," 5","999.9"," 0"," 11.2"," 5","  4.3"," 5"," 11.7","999.9","  84.6","*","  77.5","*"," 0.00","I","999.9","100000"
"98132099999","2001-09-15","20.8","121.85","124.0","ITBAYAT, RP","  81.1"," 4","  75.7"," 4","1008.9"," 4","999.9"," 0"," 11.2"," 4","  7.3"," 4","  7.8","999.9","  81.5","*","  80.6","*"," 0.00","I","999.9","000000"
"98132099999","2001-09-16","20.8","121.85","124.0","ITBAYAT, RP","  82.8"," 4","  76.7"," 4","1007.4"," 4","999.9"," 0","  9.8"," 4","  9.2"," 4","  9.7","999.9","  84.6","*","  82.0","*"," 0.00","I","999.9","000000"
"98132099999","2001-09-23","20.8","121.85","124.0","ITBAYAT, RP","  77.6"," 4","  76.1"," 4","1004.5"," 4","999.9"," 0","  4.2"," 4"," 13.1"," 4"," 13.6","999.9","  80.4","*","  76.3","*"," 1.06","G","999.9","010000"
"98132099999","2001-09-24","20.8","121.85","124.0","ITBAYAT, RP","  76.2"," 9","  75.4"," 9"," 997.1"," 9","999.9"," 0","  3.1"," 9"," 16.8"," 9"," 25.3","999.9","  77.2","*","  74.7","*"," 1.65","G","999.9","010000"
"98132099999","2001-09-25","20.8","121.85","124.0","ITBAYAT, RP","  77.3"," 6","  77.2"," 6"," 987.6"," 6","999.9"," 0","  1.8"," 6"," 30.1"," 6"," 38.9","999.9","  78.6","*","  75.2","*"," 5.28","G","999.9","010000"
"98132099999","2001-09-27","20.8","121.85","124.0","ITBAYAT, RP","  76.6"," 5","  75.8"," 5","1006.6"," 5","999.9"," 0","  6.3"," 5","  5.4"," 5","  7.8","999.9","  77.2","*","  75.6","*"," 1.46","G","999.9","010000"
"98132099999","2001-09-28","20.8","121.85","124.0","ITBAYAT, RP","  77.9"," 4","  76.1"," 4","1009.2"," 4","999.9"," 0","  8.5"," 4","  5.3"," 4","  9.7","999.9","  78.6","*","  77.4","*"," 0.94","G","999.9","100000"
"98132099999","2001-09-30","20.8","121.85","124.0","ITBAYAT, RP","  82.6"," 4","  79.6"," 4","1011.6"," 4","999.9"," 0"," 12.7"," 4","  4.9"," 4","  9.7","999.9","  84.7","*","  80.2","*"," 0.00","I","999.9","000000"
"98132099999","2001-10-01","20.8","121.85","124.0","ITBAYAT, RP","  78.0"," 5","  75.7"," 5","1014.6"," 5","999.9"," 0","  7.7"," 5","  8.5"," 5","  9.7","999.9","  80.2","*","  75.9","*"," 0.04","A","999.9","010000"
"98132099999","2001-10-02","20.8","121.85","124.0","ITBAYAT, RP","  77.3"," 6","  74.6"," 6","1013.1"," 6","999.9"," 0","  7.6"," 6","  8.7"," 6","  9.7","999.9","  79.2","*","  76.3","*"," 0.43","B","999.9","010000"
"98132099999","2001-10-03","20.8","121.85","124.0","ITBAYAT, RP","  77.9"," 8","  76.0"," 8","1013.9"," 8","999.9"," 0","  9.9"," 8","  5.1"," 8","  9.7","999.9","  79.9","*","  72.7","*"," 2.56","G","999.9","010000"
"98132099999","2001-10-04","20.8","121.85","124.0","ITBAYAT, RP","  78.1"," 7","  75.7"," 7","1014.2"," 7","999.9"," 0","  9.9"," 7","  4.4"," 7","  7.8","999.9","  80.2","*","  76.3","*"," 0.00","G","999.9","000000"
"98132099999","2001-10-05","20.8","121.85","124.0","ITBAYAT, RP","  78.7"," 7","  75.9"," 7","1014.0"," 7","999.9"," 0"," 10.4"," 7","  9.4"," 7"," 15.5","999.9","  81.0","*","  76.1","*"," 2.00","D","999.9","000000"
"98132099999","2001-10-06","20.8","121.85","124.0","ITBAYAT, RP","  80.3"," 8","  76.4"," 8","1013.6"," 8","999.9"," 0","  9.9"," 8","  6.6"," 8","  9.7","999.9","  83.1","*","  78.1","*","99.99"," ","999.9","010000"
"98132099999","2001-10-07","20.8","121.85","124.0","ITBAYAT, RP","  79.8"," 8","  76.1"," 7","1013.4"," 8","999.9"," 0"," 11.2"," 8","  6.1"," 8","  9.7","999.9","  82.8","*","  75.2","*"," 0.08","G","999.9","000000"
"98132099999","2001-10-08","20.8","121.85","124.0","ITBAYAT, RP","  79.1"," 7","  75.5"," 7","1012.9"," 7","999.9"," 0"," 11.4"," 7","  3.9"," 7","  9.7","999.9","  82.4","*","  74.5","*"," 0.00","G","999.9","000000"
"98132099999","2001-10-09","20.8","121.85","124.0","ITBAYAT, RP","  80.5"," 8","  74.4"," 8","1013.0"," 8","999.9"," 0"," 12.4"," 8","  7.8"," 8"," 38.9","999.9","  82.8","*","  77.5","*"," 0.00","G","999.9","000000"
"98132099999","2001-10-10","20.8","121.85","124.0","ITBAYAT, RP","  80.5"," 8","  75.0"," 8","1015.1"," 8","999.9"," 0","  9.2"," 8"," 10.0"," 8"," 11.7","999.9","  84.4","*","  76.6","*"," 0.59","B","999.9","010000"
"98132099999","2001-10-11","20.8","121.85","124.0","ITBAYAT, RP","  79.1"," 8","  69.9"," 8","1015.5"," 8","999.9"," 0","  7.8"," 8"," 11.7"," 8"," 17.5","999.9","  81.3","*","  77.7","*"," 0.00","I","999.9","000000"
"98132099999","2001-10-12","20.8","121.85","124.0","ITBAYAT, RP","  79.5"," 8","  70.0"," 8","1013.6"," 7","999.9"," 0","  8.1"," 8","  9.5"," 8"," 13.6","999.9","  82.4","*","  77.5","*"," 0.00","I","999.9","000000"
"98132099999","2001-10-13","20.8","121.85","124.0","ITBAYAT, RP","  79.6"," 8","  69.1"," 8","1011.5"," 8","999.9"," 0"," 11.2"," 8"," 10.4"," 8"," 13.6","999.9","  82.4","*","  77.4","*"," 0.00","I","999.9","000000"
"98132099999","2001-10-14","20.8","121.85","124.0","ITBAYAT, RP","  79.3"," 8","  69.3"," 8","1010.2"," 8","999.9"," 0"," 11.2"," 8"," 10.7"," 8"," 11.7","999.9","  81.7","*","  77.7","*"," 0.02","G","999.9","010000"
"98132099999","2001-10-15","20.8","121.85","124.0","ITBAYAT, RP","  79.0"," 7","  74.2"," 7","1008.2"," 7","999.9"," 0","  8.2"," 7","  9.7"," 7"," 11.7","999.9","  82.0","*","  75.0","*"," 0.00","G","999.9","000000"
"98132099999","2001-10-16","20.8","121.85","124.0","ITBAYAT, RP","  79.7"," 8","  75.0"," 8","1006.6"," 8","999.9"," 0","  9.4"," 8","  9.2"," 7"," 11.7","999.9","  81.9","*","  77.7","*"," 0.08","G","999.9","000000"
"98132099999","2001-10-17","20.8","121.85","124.0","ITBAYAT, RP","  78.4"," 8","  72.1"," 8","1012.5"," 8","999.9"," 0","  9.8"," 8"," 10.7"," 8"," 11.7","999.9","  79.7","*","  77.4","*"," 0.02","G","999.9","000000"
"98132099999","2001-10-18","20.8","121.85","124.0","ITBAYAT, RP","  77.9"," 7","  69.9"," 7","1016.9"," 7","999.9"," 0","  9.1"," 7","  8.9"," 7","  9.7","999.9","  79.2","*","  76.6","*"," 0.03","G","999.9","000000"
"98132099999","2001-10-19","20.8","121.85","124.0","ITBAYAT, RP","  78.9"," 7","  72.9"," 7","1018.3"," 6","999.9"," 0"," 11.2"," 7"," 10.3"," 7"," 11.7","999.9","  80.6","*","  77.4","*"," 0.00","G","999.9","000000"
"98132099999","2001-10-20","20.8","121.85","124.0","ITBAYAT, RP","  79.2"," 8","  71.2"," 8","1016.8"," 8","999.9"," 0"," 10.4"," 8"," 10.0"," 8"," 13.6","999.9","  81.0","*","  77.9","*"," 0.00","I","999.9","000000"
"98132099999","2001-10-21","20.8","121.85","124.0","ITBAYAT, RP","  80.7"," 8","  74.9"," 8","1015.7"," 8","999.9"," 0"," 11.7"," 8"," 10.2"," 8"," 17.5","999.9","  83.1","*","  79.3","*"," 0.00","I","999.9","000000"
"98132099999","2001-10-22","20.8","121.85","124.0","ITBAYAT, RP","  80.6"," 7","  76.6"," 7","1016.5"," 7","999.9"," 0"," 12.4"," 7","  8.6"," 7"," 11.7","999.9","  82.6","*","  79.0","*"," 0.00","I","999.9","000000"
"98132099999","2001-10-23","20.8","121.85","124.0","ITBAYAT, RP","  79.4"," 8","  75.9"," 8","1016.8"," 8","999.9"," 0","  9.7"," 8"," 10.0"," 8"," 11.7","999.9","  81.5","*","  77.0","*"," 0.04","G","999.9","010000"
"98132099999","2001-10-24","20.8","121.85","124.0","ITBAYAT, RP","  79.9"," 7","  73.8"," 7","1015.0"," 7","999.9"," 0"," 11.2"," 7","  9.2"," 7","  9.7","999.9","  81.3","*","  78.4","*"," 0.28","G","999.9","000000"
"98132099999","2001-10-25","20.8","121.85","124.0","ITBAYAT, RP","  80.1"," 7","  73.7"," 7","1014.7"," 7","999.9"," 0"," 13.3"," 7","  8.0"," 7","  9.7","999.9","  82.2","*","  78.4","*"," 0.00","G","999.9","000000"
"98132099999","2001-10-26","20.8","121.85","124.0","ITBAYAT, RP","  79.4"," 7","  73.3"," 7","1015.3"," 7","999.9"," 0"," 10.5"," 7","  6.1"," 7","  7.8","999.9","  82.4","*","  71.8"," "," 0.08","A","999.9","010000"
"98132099999","2001-10-27","20.8","121.85","124.0","ITBAYAT, RP","  79.8"," 8","  73.7"," 8","1014.3"," 8","999.9"," 0"," 12.4"," 8","  6.1"," 8","  9.7","999.9","  82.2","*","  77.5","*"," 1.42","G","999.9","000000"
"98132099999","2001-10-28","20.8","121.85","124.0","ITBAYAT, RP","  80.5"," 7","  74.9"," 7","1015.5"," 7","999.9"," 0"," 12.9"," 7","  4.2"," 7","  5.8","999.9","  83.1","*","  77.7","*"," 0.00","G","999.9","000000"
"98132099999","2001-10-29","20.8","121.85","124.0","ITBAYAT, RP","  76.0"," 8","  74.3"," 8","1016.3"," 8","999.9"," 0","  8.9"," 8","  6.1"," 8","  9.7","999.9","  78.4","*","  74.8","*"," 0.59","E","999.9","010000"
"98132099999","2001-10-30","20.8","121.85","124.0","ITBAYAT, RP","  77.1"," 9","  73.1"," 9","1016.1"," 9","999.9"," 0","  9.0"," 9","  6.3"," 9","  7.8","999.9","  80.6","*","  75.2","*"," 1.38","B","999.9","010000"
"98132099999","2001-10-31","20.8","121.85","124.0","ITBAYAT, RP","  80.4"," 8","  74.3"," 8","1018.0"," 8","999.9"," 0"," 10.7"," 8","  7.5"," 8","  9.7","999.9","  82.0","*","  78.8","*"," 0.00","I","999.9","000000"
"98132099999","2001-11-01","20.8","121.85","124.0","ITBAYAT, RP","  80.2"," 8","  76.0"," 8","1017.6"," 8","999.9"," 0"," 11.2"," 8","  8.3"," 8"," 11.7","999.9","  82.8","*","  75.4","*"," 0.67","A","999.9","010000"
"98132099999","2001-11-02","20.8","121.85","124.0","ITBAYAT, RP","  80.8"," 7","  76.0"," 7","1016.1"," 7","999.9"," 0"," 11.4"," 7","  5.5"," 7","  9.7","999.9","  83.1","*","  79.2","*"," 0.00","I","999.9","000000"
"98132099999","2001-11-03","20.8","121.85","124.0","ITBAYAT, RP","  80.8"," 8","  76.0"," 8","1015.9"," 8","999.9"," 0"," 13.7"," 8","  6.3"," 8"," 11.7","999.9","  85.1","*","  78.4","*"," 0.08","A","999.9","000000"
"98132099999","2001-11-04","20.8","121.85","124.0","ITBAYAT, RP","  78.4"," 8","  72.3"," 8","1017.3"," 7","999.9"," 0"," 10.3"," 8"," 11.9"," 8"," 15.5","999.9","  80.6","*","  75.6","*"," 0.28","G","999.9","000000"
"98132099999","2001-11-05","20.8","121.85","124.0","ITBAYAT, RP","  79.8"," 8","  73.1"," 8","1018.2"," 8","999.9"," 0"," 12.4"," 8","  7.0"," 8","  9.7","999.9","  82.0","*","  77.9","*"," 0.03","G","999.9","000000"
"98132099999","2001-11-06","20.8","121.85","124.0","ITBAYAT, RP","  77.0"," 8","  70.3"," 8","1018.9"," 8","999.9"," 0","  9.4"," 8"," 15.8"," 8"," 19.4","999.9","  77.7","*","  75.9","*"," 0.00","G","999.9","000000"
"98132099999","2001-11-07","20.8","121.85","124.0","ITBAYAT, RP","  76.6"," 8","  67.3"," 8","1016.7"," 7","999.9"," 0"," 10.3"," 8"," 14.6"," 8"," 15.5","999.9","  78.4","*","  75.6","*"," 0.08","G","999.9","000000"
"98132099999","2001-11-08","20.8","121.85","124.0","ITBAYAT, RP","  78.4"," 6","  69.9"," 6","1014.3"," 6","999.9"," 0"," 11.0"," 6"," 10.4"," 6"," 13.6","999.9","  79.3","*","  77.0","*"," 0.04","G","999.9","000000"
"98132099999","2001-11-09","20.8","121.85","124.0","ITBAYAT, RP","  80.5"," 7","  74.0"," 7","1013.4"," 7","999.9"," 0"," 10.4"," 7","  9.7"," 7"," 11.7","999.9","  86.7","*","  78.1","*"," 0.00","G","999.9","000000"
"98132099999","2001-11-10","20.8","121.85","124.0","ITBAYAT, RP","  78.6"," 6","  71.1"," 6","1014.0"," 6","999.9"," 0","  9.6"," 6"," 11.7"," 6"," 13.6","999.9","  80.2","*","  77.7","*"," 0.00","I","999.9","000000"
"98132099999","2001-11-11","20.8","121.85","124.0","ITBAYAT, RP","  77.9"," 7","  72.4"," 7","1014.6"," 7","999.9"," 0","  9.1"," 7","  9.2"," 7"," 11.7","999.9","  79.9","*","  75.9","*"," 0.00","A","999.9","010000"
"98132099999","2001-11-12","20.8","121.85","124.0","ITBAYAT, RP","  74.2"," 7","  70.1"," 6","1017.3"," 7","999.9"," 0","  7.5"," 7"," 11.4"," 7"," 15.5","999.9","  75.9","*","  73.0","*"," 0.08","G","999.9","010000"
"98132099999","2001-11-13","20.8","121.85","124.0","ITBAYAT, RP","  76.0"," 7","  67.1"," 7","1017.7"," 6","999.9"," 0"," 10.1"," 7","  8.6"," 7","  9.7","999.9","  77.7","*","  74.7","*"," 0.00","G","999.9","000000"
"98132099999","2001-11-14","20.8","121.85","124.0","ITBAYAT, RP","  72.3"," 8","  65.5"," 8","1018.2"," 8","999.9"," 0","  7.6"," 8"," 12.6"," 8"," 15.5","999.9","  75.6","*","  69.1","*"," 0.20","B","999.9","010000"
"98132099999","2001-11-15","20.8","121.85","124.0","ITBAYAT, RP","  71.1"," 8","  68.9"," 8","1015.8"," 8","999.9"," 0","  5.8"," 8","  7.8"," 8","  9.7","999.9","  72.7","*","  69.4","*"," 0.90","C","999.9","010000"
"98132099999","2001-11-16","20.8","121.85","124.0","ITBAYAT, RP","  74.3"," 8","  69.2"," 8","1018.3"," 8","999.9"," 0","  5.1"," 7"," 10.0"," 8"," 11.7","999.9","  88.5","*","  70.5","*"," 0.39","B","999.9","010000"
"98132099999","2001-11-17","20.8","121.85","124.0","ITBAYAT, RP","  73.9"," 7","  66.7"," 7","1019.2"," 7","999.9"," 0","  9.1"," 7"," 12.5"," 7"," 15.5","999.9","  78.8","*","  71.8","*"," 1.06","G","999.9","000000"
"98132099999","2001-11-18","20.8","121.85","124.0","ITBAYAT, RP","  73.0"," 7","  61.0"," 7","1019.7"," 7","999.9"," 0"," 11.2"," 7"," 10.5"," 7"," 11.7","999.9","  74.8","*","  71.6","*"," 0.00","G","999.9","000000"
"98132099999","2001-11-19","20.8","121.85","124.0","ITBAYAT, RP","  73.0"," 7","  60.2"," 7","1019.2"," 7","999.9"," 0"," 12.3"," 7"," 11.4"," 7"," 11.7","999.9","  74.7","*","  72.0","*"," 0.00","I","999.9","000000"
"98132099999","2001-11-20","20.8","121.85","124.0","ITBAYAT, RP","  74.9"," 7","  62.2"," 7","1018.1"," 7","999.9"," 0"," 12.4"," 7","  9.1"," 6"," 11.7","999.9","  85.6","*","  72.5","*"," 0.00","I","999.9","000000"
"98132099999","2001-11-21","20.8","121.85","124.0","ITBAYAT, RP","  73.2"," 8","  62.2"," 8","1019.4"," 8","999.9"," 0"," 12.0"," 8"," 10.9"," 8"," 13.6","999.9","  74.8","*","  72.1","*"," 0.00","I","999.9","000000"
"98132099999","2001-11-22","20.8","121.85","124.0","ITBAYAT, RP","  72.9"," 7","  66.9"," 7","1017.5"," 7","999.9"," 0"," 10.9"," 7","  9.7"," 7"," 11.7","999.9","  74.1","*","  70.9","*"," 0.03","G","999.9","010000"
"98132099999","2001-11-23","20.8","121.85","124.0","ITBAYAT, RP","  75.0"," 6","  60.7"," 6","1015.9"," 6","999.9"," 0"," 12.4"," 6"," 10.0"," 6"," 13.6","999.9","  76.5","*","  73.2","*"," 0.12","G","999.9","000000"
"98132099999","2001-11-24","20.8","121.85","124.0","ITBAYAT, RP","  74.5"," 7","  63.2"," 6","1013.1"," 7","999.9"," 0"," 10.7"," 7","  8.6"," 7"," 11.7","999.9","  79.9","*","  72.0","*"," 0.00","G","999.9","000000"
"98132099999","2001-11-25","20.8","121.85","124.0","ITBAYAT, RP","  74.0"," 6","  65.0"," 6","1015.5"," 5","999.9"," 0"," 11.4"," 6","  9.7"," 6"," 11.7","999.9","  75.6","*","  73.2","*"," 0.00","I","999.9","000000"
"98132099999","2001-11-26","20.8","121.85","124.0","ITBAYAT, RP","  74.2"," 8","  62.8"," 8","1020.5"," 6","999.9"," 0"," 11.2"," 8"," 10.0"," 8"," 11.7","999.9","  76.3","*","  73.0","*"," 0.00","I","999.9","000000"
"98132099999","2001-11-27","20.8","121.85","124.0","ITBAYAT, RP","  74.6"," 6","  62.2"," 5","1020.9"," 4","999.9"," 0"," 12.2"," 6"," 11.3"," 6"," 13.6","999.9","  76.6","*","  73.0","*"," 0.00","I","999.9","000000"
"98132099999","2001-11-28","20.8","121.85","124.0","ITBAYAT, RP","  74.5"," 8","  65.4"," 8","1018.4"," 8","999.9"," 0"," 11.2"," 8"," 11.4"," 8"," 13.6","999.9","  76.6","*","  73.0","*"," 0.00","I","999.9","000000"
"98132099999","2001-11-29","20.8","121.85","124.0","ITBAYAT, RP","  74.8"," 8","  69.8"," 8","1015.9"," 8","999.9"," 0"," 11.0"," 8","  7.3"," 8","  9.7","999.9","  76.8","*","  73.4","*"," 0.00","I","999.9","000000"
"98132099999","2001-11-30","20.8","121.85","124.0","ITBAYAT, RP","  75.5"," 6","  69.3"," 6","1016.3"," 6","999.9"," 0"," 12.0"," 6","  5.8"," 6","  9.7","999.9","  77.2","*","  74.1","*"," 0.00","I","999.9","000000"
"98132099999","2001-12-01","20.8","121.85","124.0","ITBAYAT, RP","  75.2"," 7","  69.2"," 7","1016.7"," 6","999.9"," 0"," 10.7"," 7","  7.5"," 7","  9.7","999.9","  76.5","*","  74.3","*"," 0.00","I","999.9","000000"
"98132099999","2001-12-02","20.8","121.85","124.0","ITBAYAT, RP","  75.1"," 7","  67.4"," 7","1017.6"," 7","999.9"," 0"," 10.5"," 7","  9.7"," 7"," 11.7","999.9","  78.4","*","  73.0","*"," 0.00","I","999.9","000000"
"98132099999","2001-12-03","20.8","121.85","124.0","ITBAYAT, RP","  76.0"," 8","  73.7"," 7","1015.8"," 8","999.9"," 0","  9.1"," 8","  7.0"," 8","  9.7","999.9","  77.2","*","  74.8","*"," 0.00","I","999.9","000000"
"98132099999","2001-12-04","20.8","121.85","124.0","ITBAYAT, RP","  76.1"," 9","  74.1"," 9","1014.0"," 9","999.9"," 0","  9.0"," 9","  7.7"," 9","  9.7","999.9","  77.7","*","  74.5","*"," 0.04","G","999.9","010000"
"98132099999","2001-12-05","20.8","121.85","124.0","ITBAYAT, RP","  75.5"," 8","  72.2"," 8","1016.2"," 8","999.9"," 0"," 11.2"," 8","  8.3"," 8"," 11.7","999.9","  77.7","*","  74.1","*"," 0.02","G","999.9","000000"
"98132099999","2001-12-06","20.8","121.85","124.0","ITBAYAT, RP","  75.5"," 8","  71.0"," 8","1017.3"," 8","999.9"," 0"," 10.7"," 8"," 10.0"," 8"," 11.7","999.9","  77.2","*","  73.4","*"," 0.00","G","999.9","010000"
"98132099999","2001-12-07","20.8","121.85","124.0","ITBAYAT, RP","  75.0"," 8","  71.2"," 8","1017.8"," 8","999.9"," 0","  8.5"," 8"," 12.8"," 7"," 13.6","999.9","  77.9","*","  73.4","*"," 0.03","G","999.9","010000"
"98132099999","2001-12-08","20.8","121.85","124.0","ITBAYAT, RP","  75.5"," 8","  70.9"," 8","1019.1"," 8","999.9"," 0"," 10.5"," 8"," 13.6"," 8"," 15.5","999.9","  77.0","*","  74.7","*"," 0.16","G","999.9","000000"
"98132099999","2001-12-09","20.8","121.85","124.0","ITBAYAT, RP","  75.9"," 8","  70.6"," 8","1019.9"," 8","999.9"," 0"," 10.7"," 8"," 13.6"," 8"," 15.5","999.9","  78.8","*","  74.1","*"," 0.00","G","999.9","000000"
"98132099999","2001-12-10","20.8","121.85","124.0","ITBAYAT, RP","  74.8"," 8","  69.0"," 8","1019.2"," 8","999.9"," 0"," 11.0"," 8"," 12.6"," 8"," 15.5","999.9","  76.8","*","  73.4","*"," 0.04","G","999.9","000000"
"98132099999","2001-12-11","20.8","121.85","124.0","ITBAYAT, RP","  74.7"," 7","  69.4"," 7","1019.1"," 7","999.9"," 0"," 10.7"," 7"," 10.8"," 7"," 13.6","999.9","  75.9","*","  74.1","*"," 0.00","G","999.9","000000"
"98132099999","2001-12-12","20.8","121.85","124.0","ITBAYAT, RP","  75.3"," 6","  70.9"," 6","1020.0"," 6","999.9"," 0"," 10.9"," 6","  8.7"," 6"," 13.6","999.9","  76.5","*","  74.1","*"," 0.00","I","999.9","000000"
"98132099999","2001-12-13","20.8","121.85","124.0","ITBAYAT, RP","  73.9"," 6","  70.0"," 6","1022.5"," 4","999.9"," 0","  9.5"," 6"," 10.0"," 6"," 19.4","999.9","  76.6","*","  69.3","*"," 0.02","A","999.9","010000"
"98132099999","2001-12-14","20.8","121.85","124.0","ITBAYAT, RP","  69.1"," 6","  64.8"," 6","1025.5"," 6","999.9"," 0","  9.3"," 6"," 14.9"," 6"," 17.5","999.9","  70.5","*","  67.3","*"," 0.51","G","999.9","010000"
"98132099999","2001-12-15","20.8","121.85","124.0","ITBAYAT, RP","  70.9"," 9","  63.7"," 9","1025.0"," 9","999.9"," 0"," 11.9"," 9"," 12.1"," 9"," 13.6","999.9","  72.0","*","  69.6","*"," 0.04","G","999.9","000000"
"98132099999","2001-12-16","20.8","121.85","124.0","ITBAYAT, RP","  72.8"," 8","  64.8"," 8","1022.7"," 8","999.9"," 0"," 11.7"," 8","  9.5"," 8"," 11.7","999.9","  73.8","*","  71.8","*"," 0.00","G","999.9","000000"
"98132099999","2001-12-17","20.8","121.85","124.0","ITBAYAT, RP","  73.3"," 6","  68.8"," 6","1021.8"," 6","999.9"," 0"," 12.4"," 6","  5.5"," 6","  7.8","999.9","  75.9","*","  71.6","*"," 0.00","I","999.9","000000"
"98132099999","2001-12-18","20.8","121.85","124.0","ITBAYAT, RP","  74.6"," 5","  69.8"," 5","1021.7"," 5","999.9"," 0"," 12.4"," 5","  5.8"," 5","  7.8","999.9","  76.3","*","  72.5","*"," 0.00","I","999.9","000000"
"98132099999","2001-12-19","20.8","121.85","124.0","ITBAYAT, RP","  73.9"," 8","  69.1"," 8","1022.2"," 8","999.9"," 0"," 12.4"," 8","  6.8"," 8","  9.7","999.9","  76.6","*","  72.3","*","99.99"," ","999.9","010000"
"98132099999","2001-12-20","20.8","121.85","124.0","ITBAYAT, RP","  73.8"," 8","  69.9"," 8","1019.9"," 7","999.9"," 0"," 12.1"," 8","  6.6"," 8"," 11.7","999.9","  76.6","*","  71.1","*"," 0.00","I","999.9","100000"
"98132099999","2001-12-21","20.8","121.85","124.0","ITBAYAT, RP","  69.6"," 8","  65.5"," 8","1021.2"," 8","999.9"," 0","  9.6"," 8"," 10.7"," 8"," 13.6","999.9","  76.6","*","  65.8","*"," 0.06","B","999.9","000000"
"98132099999","2001-12-22","20.8","121.85","124.0","ITBAYAT, RP","  66.9"," 6","  57.5"," 6","1023.4"," 6","999.9"," 0","  9.6"," 6","  9.7"," 6"," 11.7","999.9","  68.5","*","  66.2","*"," 0.00","I","999.9","000000"
"98132099999","2001-12-23","20.8","121.85","124.0","ITBAYAT, RP","  67.6"," 7","  55.1"," 7","1018.0"," 6","999.9"," 0","  9.3"," 7"," 10.0"," 7"," 11.7","999.9","  68.2","*","  66.9","*"," 0.00","I","999.9","000000"
"98132099999","2001-12-24","20.8","121.85","124.0","ITBAYAT, RP","  65.5"," 8","  53.2"," 8","1024.4"," 8","999.9"," 0"," 11.2"," 8"," 10.7"," 8"," 11.7","999.9","  68.2","*","  62.8","*"," 0.00","I","999.9","000000"
"98132099999","2001-12-25","20.8","121.85","124.0","ITBAYAT, RP","  67.9"," 6","  55.5"," 5","1026.6"," 6","999.9"," 0"," 11.9"," 6"," 11.7"," 6"," 13.6","999.9","  69.6","*","  66.6","*","99.99"," ","999.9","010000"
"98132099999","2001-12-28","20.8","121.85","124.0","ITBAYAT, RP","  69.7"," 4","  59.2"," 4","1024.1"," 4","999.9"," 0"," 11.2"," 4","  9.7"," 4"," 13.6","999.9","  71.2","*","  69.1","*"," 0.00","I","999.9","000000"
"98132099999","2001-12-29","20.8","121.85","124.0","ITBAYAT, RP","  69.3"," 4","  61.1"," 4","1022.5"," 4","999.9"," 0"," 11.2"," 4","  9.2"," 4"," 11.7","999.9","  69.6","*","  69.1","*"," 0.00","I","999.9","000000"
"98132099999","2001-12-30","20.8","121.85","124.0","ITBAYAT, RP","  69.4"," 4","  58.4"," 4","1020.9"," 4","999.9"," 0","  7.8"," 4"," 11.2"," 4"," 13.6","999.9","  72.3","*","  67.6","*"," 0.00","I","999.9","000000"
